{
  "project_info": {
    "project_number": "361404559550",
    "firebase_url": "https://uumeatit-da3db.firebaseio.com",
    "project_id": "uumeatit-da3db",
    "storage_bucket": "uumeatit-da3db.appspot.com"
  },
  "client": [
    {
      "client_info": {
        "mobilesdk_app_id": "1:361404559550:android:f312791f0b0e100f81aeef",
        "android_client_info": {
          "package_name": "com.example.uumeatit"
        }
      },
      "oauth_client": [
        {
          "client_id": "361404559550-4s0m8v9g6osecparj82129g2flvuqebu.apps.googleusercontent.com",
          "client_type": 1,
          "android_info": {
            "package_name": "com.example.uumeatit",
            "certificate_hash": "b9994221eb42d459c7af71020e63eb2609ffcc47"
          }
        },
        {
          "client_id": "361404559550-ftcvguui42kv8eusk73567uv683evcq8.apps.googleusercontent.com",
          "client_type": 3
        }
      ],
      "api_key": [
        {
          "current_key": "AIzaSyBGG_m0N9G39cG78iFUUfB9rCQe98xY6ew"
        }
      ],
      "services": {
        "appinvite_service": {
          "other_platform_oauth_client": [
            {
              "client_id": "361404559550-ftcvguui42kv8eusk73567uv683evcq8.apps.googleusercontent.com",
              "client_type": 3
            }
          ]
        }
      }
    }
  ],
  "configuration_version": "1"
}